id,AGE_BEN_SNDS,Dépenses totales psychiatrie
2,0,6807492.529999999
7,20,7308024.330000001
1,30,9043095.78
3,40,10782303.610000003
8,50,13084665.280000003
0,60,22129018.210000005
6,70,15533687.350000007
4,80,8654439.29