Année,Variations annuelle des dépenses,Variations annuelles des remboursements
2020,-0.011978423725757859,0.011035233276211143
2021,0.1476364694983896,0.14720072930652606
2022,0.016349400207974485,0.014619389032206831
2023,0.025506955603633363,0.01625169372936197
2024,0.04080079811039372,0.03947917800603795
